<?xml version="1.0" encoding="UTF-8"?><MD_Metadata xmlns:gts="http://www.isotc211.org/2005/gts" xmlns:gco="http://www.isotc211.org/2005/gco" xmlns:xalan="http://xml.apache.org/xalan" xmlns:srv="http://www.isotc211.org/2005/srv" xmlns:gmx="http://www.isotc211.org/2005/gmx" xmlns:xlink="http://www.w3.org/1999/xlink" xmlns:xsi="http://www.w3.org/2001/XMLSchema-instance" xmlns:gml="http://www.opengis.net/gml" xmlns="http://www.isotc211.org/2005/gmd">
    <characterSet>
        <MD_CharacterSetCode codeList="http://www.isotc211.org/2005/resources/Codelist/gmxCodelists.xml#MD_CharacterSetCode" codeListValue="utf8" codeSpace="ISOTC211/19115">utf8</MD_CharacterSetCode>
    </characterSet>
    <hierarchyLevel>
        <MD_ScopeCode codeList="http://www.isotc211.org/2005/resources/Codelist/gmxCodelists.xml#MD_ScopeCode" codeListValue="dataset" codeSpace="ISOTC211/19115">dataset</MD_ScopeCode>
    </hierarchyLevel>
    <hierarchyLevelName>
        <gco:CharacterString>dataset</gco:CharacterString>
    </hierarchyLevelName>
    <contact gco:nilReason="missing"/>
    <dateStamp gco:nilReason="missing"/>
    <metadataStandardName>
        <gco:CharacterString>ISO 19139 Geographic Information - Metadata - Implementation Specification</gco:CharacterString>
    </metadataStandardName>
    <metadataStandardVersion>
        <gco:CharacterString>2007</gco:CharacterString>
    </metadataStandardVersion>
    <identificationInfo>
        <MD_DataIdentification>
            <citation>
                <CI_Citation>
                    <title>
                        <gco:CharacterString>Map2</gco:CharacterString>
                    </title>
                    <date gco:nilReason="missing"/>
                </CI_Citation>
            </citation>
            <abstract>
                <gco:CharacterString>Locations
of the two state parks that reside within Broward County. Hugh Taylor Birch
State Park and Dr. Von D. Mizell-Eula Johnson State Park are both open from 8
am until sundown, 365 days a year. They are located in Fort Lauderdale and
Dania Beach respectively, with a $6 per vehicle entrance fee. 

 

Source: BCGIS

Effective Date: 

Last Update: 05/15/2015

Update Cycle: As needed.
</gco:CharacterString>
            </abstract>
            <purpose>
                <gco:CharacterString>Locations of all state-owned and operated parks in Broward County.</gco:CharacterString>
            </purpose>
            <credit>
                <gco:CharacterString>BCGIS
</gco:CharacterString>
            </credit>
            <descriptiveKeywords>
                <MD_Keywords>
                    <keyword>
                        <gco:CharacterString>state</gco:CharacterString>
                    </keyword>
                    <keyword>
                        <gco:CharacterString>state parks</gco:CharacterString>
                    </keyword>
                    <keyword>
                        <gco:CharacterString>parks</gco:CharacterString>
                    </keyword>
                </MD_Keywords>
            </descriptiveKeywords>
            <resourceConstraints>
                <MD_Constraints>
                    <useLimitation>
                        <gco:CharacterString>Broward County Terms of Use - http://www.broward.org/Terms/Pages/Default.aspx</gco:CharacterString>
                    </useLimitation>
                </MD_Constraints>
            </resourceConstraints>
            <language gco:nilReason="missing"/>
            <characterSet>
                <MD_CharacterSetCode codeList="http://www.isotc211.org/2005/resources/Codelist/gmxCodelists.xml#MD_CharacterSetCode" codeListValue="utf8" codeSpace="ISOTC211/19115">utf8</MD_CharacterSetCode>
            </characterSet>
            <extent>
                <EX_Extent>
                    <geographicElement>
                        <EX_GeographicBoundingBox>
                            <westBoundLongitude>
                                <gco:Decimal>-80</gco:Decimal>
                            </westBoundLongitude>
                            <eastBoundLongitude>
                                <gco:Decimal>-80</gco:Decimal>
                            </eastBoundLongitude>
                            <southBoundLatitude>
                                <gco:Decimal>26</gco:Decimal>
                            </southBoundLatitude>
                            <northBoundLatitude>
                                <gco:Decimal>26</gco:Decimal>
                            </northBoundLatitude>
                        </EX_GeographicBoundingBox>
                    </geographicElement>
                </EX_Extent>
            </extent>
        </MD_DataIdentification>
    </identificationInfo>
</MD_Metadata>
